<?xml version="1.0" encoding="UTF-8"?>
<export version="D">
  <design>
    <source>C:\Users\Er.pradeep\Desktop\project\ADC standalone\standalone adc\standalone adc.sch</source>
    <date>7/5/2021 1:18:32 PM</date>
    <tool>Eeschema (5.1.2)-2</tool>
    <sheet number="1" name="/" tstamps="/">
      <title_block>
        <title>Standalone ADC</title>
        <company>DEEP TECHNLOGIES</company>
        <rev>Initial revision</rev>
        <date>2021-07-05</date>
        <source>standalone adc.sch</source>
        <comment number="1" value="Er.Prdeepkumar kandasamy"/>
        <comment number="2" value=""/>
        <comment number="3" value=""/>
        <comment number="4" value=""/>
      </title_block>
    </sheet>
  </design>
  <components>
    <comp ref="U1">
      <value>ADS1115IDGS</value>
      <footprint>Package_SO:TSSOP-10_3x3mm_P0.5mm</footprint>
      <datasheet>http://www.ti.com/lit/ds/symlink/ads1113.pdf</datasheet>
      <libsource lib="Analog_ADC" part="ADS1115IDGS" description="Ultra-Small, Low-Power, I2C-Compatible, 860-SPS, 16-Bit ADCs With Internal Reference, Oscillator, and Programmable Comparator, VSSOP-10"/>
      <sheetpath names="/" tstamps="/"/>
      <tstamp>60E2B21C</tstamp>
    </comp>
    <comp ref="R1">
      <value>R_Small</value>
      <datasheet>~</datasheet>
      <libsource lib="Device" part="R_Small" description="Resistor, small symbol"/>
      <sheetpath names="/" tstamps="/"/>
      <tstamp>60E2C7D4</tstamp>
    </comp>
    <comp ref="R17">
      <value>R_Small</value>
      <datasheet>~</datasheet>
      <libsource lib="Device" part="R_Small" description="Resistor, small symbol"/>
      <sheetpath names="/" tstamps="/"/>
      <tstamp>60E2CDCE</tstamp>
    </comp>
    <comp ref="R9">
      <value>R_Small</value>
      <datasheet>~</datasheet>
      <libsource lib="Device" part="R_Small" description="Resistor, small symbol"/>
      <sheetpath names="/" tstamps="/"/>
      <tstamp>60E2D4F6</tstamp>
    </comp>
    <comp ref="C1">
      <value>C_Small</value>
      <datasheet>~</datasheet>
      <libsource lib="Device" part="C_Small" description="Unpolarized capacitor, small symbol"/>
      <sheetpath names="/" tstamps="/"/>
      <tstamp>60E2DD84</tstamp>
    </comp>
    <comp ref="J1">
      <value>Conn_01x02</value>
      <datasheet>~</datasheet>
      <libsource lib="Connector_Generic" part="Conn_01x02" description="Generic connector, single row, 01x02, script generated (kicad-library-utils/schlib/autogen/connector/)"/>
      <sheetpath names="/" tstamps="/"/>
      <tstamp>60E2E7EE</tstamp>
    </comp>
    <comp ref="R2">
      <value>R_Small</value>
      <datasheet>~</datasheet>
      <libsource lib="Device" part="R_Small" description="Resistor, small symbol"/>
      <sheetpath names="/" tstamps="/"/>
      <tstamp>60E35B85</tstamp>
    </comp>
    <comp ref="R18">
      <value>R_Small</value>
      <datasheet>~</datasheet>
      <libsource lib="Device" part="R_Small" description="Resistor, small symbol"/>
      <sheetpath names="/" tstamps="/"/>
      <tstamp>60E35B8B</tstamp>
    </comp>
    <comp ref="R10">
      <value>R_Small</value>
      <datasheet>~</datasheet>
      <libsource lib="Device" part="R_Small" description="Resistor, small symbol"/>
      <sheetpath names="/" tstamps="/"/>
      <tstamp>60E35B91</tstamp>
    </comp>
    <comp ref="C2">
      <value>C_Small</value>
      <datasheet>~</datasheet>
      <libsource lib="Device" part="C_Small" description="Unpolarized capacitor, small symbol"/>
      <sheetpath names="/" tstamps="/"/>
      <tstamp>60E35B97</tstamp>
    </comp>
    <comp ref="J2">
      <value>Conn_01x02</value>
      <datasheet>~</datasheet>
      <libsource lib="Connector_Generic" part="Conn_01x02" description="Generic connector, single row, 01x02, script generated (kicad-library-utils/schlib/autogen/connector/)"/>
      <sheetpath names="/" tstamps="/"/>
      <tstamp>60E35BA3</tstamp>
    </comp>
    <comp ref="R3">
      <value>R_Small</value>
      <datasheet>~</datasheet>
      <libsource lib="Device" part="R_Small" description="Resistor, small symbol"/>
      <sheetpath names="/" tstamps="/"/>
      <tstamp>60E389FC</tstamp>
    </comp>
    <comp ref="R19">
      <value>R_Small</value>
      <datasheet>~</datasheet>
      <libsource lib="Device" part="R_Small" description="Resistor, small symbol"/>
      <sheetpath names="/" tstamps="/"/>
      <tstamp>60E38A02</tstamp>
    </comp>
    <comp ref="R11">
      <value>R_Small</value>
      <datasheet>~</datasheet>
      <libsource lib="Device" part="R_Small" description="Resistor, small symbol"/>
      <sheetpath names="/" tstamps="/"/>
      <tstamp>60E38A08</tstamp>
    </comp>
    <comp ref="C3">
      <value>C_Small</value>
      <datasheet>~</datasheet>
      <libsource lib="Device" part="C_Small" description="Unpolarized capacitor, small symbol"/>
      <sheetpath names="/" tstamps="/"/>
      <tstamp>60E38A0E</tstamp>
    </comp>
    <comp ref="J3">
      <value>Conn_01x02</value>
      <datasheet>~</datasheet>
      <libsource lib="Connector_Generic" part="Conn_01x02" description="Generic connector, single row, 01x02, script generated (kicad-library-utils/schlib/autogen/connector/)"/>
      <sheetpath names="/" tstamps="/"/>
      <tstamp>60E38A1A</tstamp>
    </comp>
    <comp ref="R4">
      <value>R_Small</value>
      <datasheet>~</datasheet>
      <libsource lib="Device" part="R_Small" description="Resistor, small symbol"/>
      <sheetpath names="/" tstamps="/"/>
      <tstamp>60E38A35</tstamp>
    </comp>
    <comp ref="R20">
      <value>R_Small</value>
      <datasheet>~</datasheet>
      <libsource lib="Device" part="R_Small" description="Resistor, small symbol"/>
      <sheetpath names="/" tstamps="/"/>
      <tstamp>60E38A3B</tstamp>
    </comp>
    <comp ref="R12">
      <value>R_Small</value>
      <datasheet>~</datasheet>
      <libsource lib="Device" part="R_Small" description="Resistor, small symbol"/>
      <sheetpath names="/" tstamps="/"/>
      <tstamp>60E38A41</tstamp>
    </comp>
    <comp ref="C4">
      <value>C_Small</value>
      <datasheet>~</datasheet>
      <libsource lib="Device" part="C_Small" description="Unpolarized capacitor, small symbol"/>
      <sheetpath names="/" tstamps="/"/>
      <tstamp>60E38A47</tstamp>
    </comp>
    <comp ref="J4">
      <value>Conn_01x02</value>
      <datasheet>~</datasheet>
      <libsource lib="Connector_Generic" part="Conn_01x02" description="Generic connector, single row, 01x02, script generated (kicad-library-utils/schlib/autogen/connector/)"/>
      <sheetpath names="/" tstamps="/"/>
      <tstamp>60E38A53</tstamp>
    </comp>
    <comp ref="R25">
      <value>R_Small</value>
      <datasheet>~</datasheet>
      <libsource lib="Device" part="R_Small" description="Resistor, small symbol"/>
      <sheetpath names="/" tstamps="/"/>
      <tstamp>60E3B0ED</tstamp>
    </comp>
    <comp ref="R31">
      <value>R_Small</value>
      <datasheet>~</datasheet>
      <libsource lib="Device" part="R_Small" description="Resistor, small symbol"/>
      <sheetpath names="/" tstamps="/"/>
      <tstamp>60E3BF17</tstamp>
    </comp>
    <comp ref="R37">
      <value>R_Small</value>
      <datasheet>~</datasheet>
      <libsource lib="Device" part="R_Small" description="Resistor, small symbol"/>
      <sheetpath names="/" tstamps="/"/>
      <tstamp>60E3C250</tstamp>
    </comp>
    <comp ref="R27">
      <value>R_Small</value>
      <datasheet>~</datasheet>
      <libsource lib="Device" part="R_Small" description="Resistor, small symbol"/>
      <sheetpath names="/" tstamps="/"/>
      <tstamp>60E45953</tstamp>
    </comp>
    <comp ref="R28">
      <value>R_Small</value>
      <datasheet>~</datasheet>
      <libsource lib="Device" part="R_Small" description="Resistor, small symbol"/>
      <sheetpath names="/" tstamps="/"/>
      <tstamp>60E46A72</tstamp>
    </comp>
    <comp ref="R29">
      <value>R_Small</value>
      <datasheet>~</datasheet>
      <libsource lib="Device" part="R_Small" description="Resistor, small symbol"/>
      <sheetpath names="/" tstamps="/"/>
      <tstamp>60E473A1</tstamp>
    </comp>
    <comp ref="R30">
      <value>R_Small</value>
      <datasheet>~</datasheet>
      <libsource lib="Device" part="R_Small" description="Resistor, small symbol"/>
      <sheetpath names="/" tstamps="/"/>
      <tstamp>60E476F9</tstamp>
    </comp>
    <comp ref="U2">
      <value>ADS1115IDGS</value>
      <footprint>Package_SO:TSSOP-10_3x3mm_P0.5mm</footprint>
      <datasheet>http://www.ti.com/lit/ds/symlink/ads1113.pdf</datasheet>
      <libsource lib="Analog_ADC" part="ADS1115IDGS" description="Ultra-Small, Low-Power, I2C-Compatible, 860-SPS, 16-Bit ADCs With Internal Reference, Oscillator, and Programmable Comparator, VSSOP-10"/>
      <sheetpath names="/" tstamps="/"/>
      <tstamp>60E76EFD</tstamp>
    </comp>
    <comp ref="R5">
      <value>R_Small</value>
      <datasheet>~</datasheet>
      <libsource lib="Device" part="R_Small" description="Resistor, small symbol"/>
      <sheetpath names="/" tstamps="/"/>
      <tstamp>60E76F03</tstamp>
    </comp>
    <comp ref="R21">
      <value>R_Small</value>
      <datasheet>~</datasheet>
      <libsource lib="Device" part="R_Small" description="Resistor, small symbol"/>
      <sheetpath names="/" tstamps="/"/>
      <tstamp>60E76F09</tstamp>
    </comp>
    <comp ref="R13">
      <value>R_Small</value>
      <datasheet>~</datasheet>
      <libsource lib="Device" part="R_Small" description="Resistor, small symbol"/>
      <sheetpath names="/" tstamps="/"/>
      <tstamp>60E76F0F</tstamp>
    </comp>
    <comp ref="C5">
      <value>C_Small</value>
      <datasheet>~</datasheet>
      <libsource lib="Device" part="C_Small" description="Unpolarized capacitor, small symbol"/>
      <sheetpath names="/" tstamps="/"/>
      <tstamp>60E76F15</tstamp>
    </comp>
    <comp ref="J5">
      <value>Conn_01x02</value>
      <datasheet>~</datasheet>
      <libsource lib="Connector_Generic" part="Conn_01x02" description="Generic connector, single row, 01x02, script generated (kicad-library-utils/schlib/autogen/connector/)"/>
      <sheetpath names="/" tstamps="/"/>
      <tstamp>60E76F21</tstamp>
    </comp>
    <comp ref="R6">
      <value>R_Small</value>
      <datasheet>~</datasheet>
      <libsource lib="Device" part="R_Small" description="Resistor, small symbol"/>
      <sheetpath names="/" tstamps="/"/>
      <tstamp>60E76F3C</tstamp>
    </comp>
    <comp ref="R22">
      <value>R_Small</value>
      <datasheet>~</datasheet>
      <libsource lib="Device" part="R_Small" description="Resistor, small symbol"/>
      <sheetpath names="/" tstamps="/"/>
      <tstamp>60E76F42</tstamp>
    </comp>
    <comp ref="R14">
      <value>R_Small</value>
      <datasheet>~</datasheet>
      <libsource lib="Device" part="R_Small" description="Resistor, small symbol"/>
      <sheetpath names="/" tstamps="/"/>
      <tstamp>60E76F48</tstamp>
    </comp>
    <comp ref="C6">
      <value>C_Small</value>
      <datasheet>~</datasheet>
      <libsource lib="Device" part="C_Small" description="Unpolarized capacitor, small symbol"/>
      <sheetpath names="/" tstamps="/"/>
      <tstamp>60E76F4E</tstamp>
    </comp>
    <comp ref="J6">
      <value>Conn_01x02</value>
      <datasheet>~</datasheet>
      <libsource lib="Connector_Generic" part="Conn_01x02" description="Generic connector, single row, 01x02, script generated (kicad-library-utils/schlib/autogen/connector/)"/>
      <sheetpath names="/" tstamps="/"/>
      <tstamp>60E76F5A</tstamp>
    </comp>
    <comp ref="R7">
      <value>R_Small</value>
      <datasheet>~</datasheet>
      <libsource lib="Device" part="R_Small" description="Resistor, small symbol"/>
      <sheetpath names="/" tstamps="/"/>
      <tstamp>60E76F75</tstamp>
    </comp>
    <comp ref="R23">
      <value>R_Small</value>
      <datasheet>~</datasheet>
      <libsource lib="Device" part="R_Small" description="Resistor, small symbol"/>
      <sheetpath names="/" tstamps="/"/>
      <tstamp>60E76F7B</tstamp>
    </comp>
    <comp ref="R15">
      <value>R_Small</value>
      <datasheet>~</datasheet>
      <libsource lib="Device" part="R_Small" description="Resistor, small symbol"/>
      <sheetpath names="/" tstamps="/"/>
      <tstamp>60E76F81</tstamp>
    </comp>
    <comp ref="C7">
      <value>C_Small</value>
      <datasheet>~</datasheet>
      <libsource lib="Device" part="C_Small" description="Unpolarized capacitor, small symbol"/>
      <sheetpath names="/" tstamps="/"/>
      <tstamp>60E76F87</tstamp>
    </comp>
    <comp ref="J7">
      <value>Conn_01x02</value>
      <datasheet>~</datasheet>
      <libsource lib="Connector_Generic" part="Conn_01x02" description="Generic connector, single row, 01x02, script generated (kicad-library-utils/schlib/autogen/connector/)"/>
      <sheetpath names="/" tstamps="/"/>
      <tstamp>60E76F93</tstamp>
    </comp>
    <comp ref="R8">
      <value>R_Small</value>
      <datasheet>~</datasheet>
      <libsource lib="Device" part="R_Small" description="Resistor, small symbol"/>
      <sheetpath names="/" tstamps="/"/>
      <tstamp>60E76FAE</tstamp>
    </comp>
    <comp ref="R24">
      <value>R_Small</value>
      <datasheet>~</datasheet>
      <libsource lib="Device" part="R_Small" description="Resistor, small symbol"/>
      <sheetpath names="/" tstamps="/"/>
      <tstamp>60E76FB4</tstamp>
    </comp>
    <comp ref="R16">
      <value>R_Small</value>
      <datasheet>~</datasheet>
      <libsource lib="Device" part="R_Small" description="Resistor, small symbol"/>
      <sheetpath names="/" tstamps="/"/>
      <tstamp>60E76FBA</tstamp>
    </comp>
    <comp ref="C8">
      <value>C_Small</value>
      <datasheet>~</datasheet>
      <libsource lib="Device" part="C_Small" description="Unpolarized capacitor, small symbol"/>
      <sheetpath names="/" tstamps="/"/>
      <tstamp>60E76FC0</tstamp>
    </comp>
    <comp ref="J8">
      <value>Conn_01x02</value>
      <datasheet>~</datasheet>
      <libsource lib="Connector_Generic" part="Conn_01x02" description="Generic connector, single row, 01x02, script generated (kicad-library-utils/schlib/autogen/connector/)"/>
      <sheetpath names="/" tstamps="/"/>
      <tstamp>60E76FCC</tstamp>
    </comp>
    <comp ref="R26">
      <value>R_Small</value>
      <datasheet>~</datasheet>
      <libsource lib="Device" part="R_Small" description="Resistor, small symbol"/>
      <sheetpath names="/" tstamps="/"/>
      <tstamp>60E76FF3</tstamp>
    </comp>
    <comp ref="R36">
      <value>R_Small</value>
      <datasheet>~</datasheet>
      <libsource lib="Device" part="R_Small" description="Resistor, small symbol"/>
      <sheetpath names="/" tstamps="/"/>
      <tstamp>60E76FF9</tstamp>
    </comp>
    <comp ref="R38">
      <value>R_Small</value>
      <datasheet>~</datasheet>
      <libsource lib="Device" part="R_Small" description="Resistor, small symbol"/>
      <sheetpath names="/" tstamps="/"/>
      <tstamp>60E76FFF</tstamp>
    </comp>
    <comp ref="R32">
      <value>R_Small</value>
      <datasheet>~</datasheet>
      <libsource lib="Device" part="R_Small" description="Resistor, small symbol"/>
      <sheetpath names="/" tstamps="/"/>
      <tstamp>60E77017</tstamp>
    </comp>
    <comp ref="R33">
      <value>R_Small</value>
      <datasheet>~</datasheet>
      <libsource lib="Device" part="R_Small" description="Resistor, small symbol"/>
      <sheetpath names="/" tstamps="/"/>
      <tstamp>60E7701E</tstamp>
    </comp>
    <comp ref="R34">
      <value>R_Small</value>
      <datasheet>~</datasheet>
      <libsource lib="Device" part="R_Small" description="Resistor, small symbol"/>
      <sheetpath names="/" tstamps="/"/>
      <tstamp>60E77024</tstamp>
    </comp>
    <comp ref="R35">
      <value>R_Small</value>
      <datasheet>~</datasheet>
      <libsource lib="Device" part="R_Small" description="Resistor, small symbol"/>
      <sheetpath names="/" tstamps="/"/>
      <tstamp>60E7702A</tstamp>
    </comp>
    <comp ref="U3">
      <value>LM2596S-5</value>
      <footprint>Package_TO_SOT_SMD:TO-263-5_TabPin3</footprint>
      <datasheet>http://www.ti.com/lit/ds/symlink/lm2596.pdf</datasheet>
      <libsource lib="Regulator_Switching" part="LM2596S-5" description="5V 3A Step-Down Voltage Regulator, TO-263"/>
      <sheetpath names="/" tstamps="/"/>
      <tstamp>60E7E5D5</tstamp>
    </comp>
    <comp ref="L1">
      <value>INDUCTOR</value>
      <datasheet>~</datasheet>
      <libsource lib="pspice" part="INDUCTOR" description="Capacitor symbol for simulation only"/>
      <sheetpath names="/" tstamps="/"/>
      <tstamp>60E7F212</tstamp>
    </comp>
    <comp ref="D3">
      <value>DIODE</value>
      <datasheet>~</datasheet>
      <libsource lib="pspice" part="DIODE" description="Diode symbol for simulation only. Pin order incompatible with official kicad footprints"/>
      <sheetpath names="/" tstamps="/"/>
      <tstamp>60E7FC5C</tstamp>
    </comp>
    <comp ref="C10">
      <value>CP</value>
      <datasheet>~</datasheet>
      <libsource lib="Device" part="CP" description="Polarized capacitor"/>
      <sheetpath names="/" tstamps="/"/>
      <tstamp>60E8114D</tstamp>
    </comp>
    <comp ref="C9">
      <value>CP</value>
      <datasheet>~</datasheet>
      <libsource lib="Device" part="CP" description="Polarized capacitor"/>
      <sheetpath names="/" tstamps="/"/>
      <tstamp>60E81765</tstamp>
    </comp>
    <comp ref="SW1">
      <value>SW_DPDT_x2</value>
      <libsource lib="Switch" part="SW_DPDT_x2" description="Switch, dual pole double throw, separate symbols"/>
      <sheetpath names="/" tstamps="/"/>
      <tstamp>60E836FF</tstamp>
    </comp>
    <comp ref="J9">
      <value>Barrel_Jack</value>
      <datasheet>~</datasheet>
      <libsource lib="Connector" part="Barrel_Jack" description="DC Barrel Jack"/>
      <sheetpath names="/" tstamps="/"/>
      <tstamp>60ED8C83</tstamp>
    </comp>
    <comp ref="D1">
      <value>DIODE</value>
      <datasheet>~</datasheet>
      <libsource lib="pspice" part="DIODE" description="Diode symbol for simulation only. Pin order incompatible with official kicad footprints"/>
      <sheetpath names="/" tstamps="/"/>
      <tstamp>60EE3F58</tstamp>
    </comp>
    <comp ref="D2">
      <value>D_TVS</value>
      <datasheet>~</datasheet>
      <libsource lib="Device" part="D_TVS" description="Bidirectional transient-voltage-suppression diode"/>
      <sheetpath names="/" tstamps="/"/>
      <tstamp>60EE4BD8</tstamp>
    </comp>
    <comp ref="F1">
      <value>Fuse</value>
      <datasheet>~</datasheet>
      <libsource lib="Device" part="Fuse" description="Fuse"/>
      <sheetpath names="/" tstamps="/"/>
      <tstamp>60EE5BFF</tstamp>
    </comp>
    <comp ref="C11">
      <value>C_Small</value>
      <datasheet>~</datasheet>
      <libsource lib="Device" part="C_Small" description="Unpolarized capacitor, small symbol"/>
      <sheetpath names="/" tstamps="/"/>
      <tstamp>60F27F38</tstamp>
    </comp>
    <comp ref="C12">
      <value>C_Small</value>
      <datasheet>~</datasheet>
      <libsource lib="Device" part="C_Small" description="Unpolarized capacitor, small symbol"/>
      <sheetpath names="/" tstamps="/"/>
      <tstamp>60F3B23C</tstamp>
    </comp>
    <comp ref="J10">
      <value>Conn_01x04</value>
      <datasheet>~</datasheet>
      <libsource lib="Connector_Generic" part="Conn_01x04" description="Generic connector, single row, 01x04, script generated (kicad-library-utils/schlib/autogen/connector/)"/>
      <sheetpath names="/" tstamps="/"/>
      <tstamp>60F57DF7</tstamp>
    </comp>
  </components>
  <libparts>
    <libpart lib="Analog_ADC" part="ADS1015IDGS">
      <aliases>
        <alias>ADS1115IDGS</alias>
      </aliases>
      <description>Ultra-Small, Low-Power, I2C-Compatible, 3.3-kSPS, 12-Bit ADCs With Internal Reference, Oscillator, and Programmable Comparator, VSSOP-10</description>
      <docs>http://www.ti.com/lit/ds/symlink/ads1015.pdf</docs>
      <footprints>
        <fp>TSSOP*3x3mm*P0.5mm*</fp>
      </footprints>
      <fields>
        <field name="Reference">U</field>
        <field name="Value">ADS1015IDGS</field>
        <field name="Footprint">Package_SO:TSSOP-10_3x3mm_P0.5mm</field>
      </fields>
      <pins>
        <pin num="1" name="ADDR" type="input"/>
        <pin num="2" name="ALERT/RDY" type="output"/>
        <pin num="3" name="GND" type="power_in"/>
        <pin num="4" name="AIN0" type="input"/>
        <pin num="5" name="AIN1" type="input"/>
        <pin num="6" name="AIN2" type="input"/>
        <pin num="7" name="AIN3" type="input"/>
        <pin num="8" name="VDD" type="power_in"/>
        <pin num="9" name="SDA" type="BiDi"/>
        <pin num="10" name="SCL" type="input"/>
      </pins>
    </libpart>
    <libpart lib="Connector" part="Barrel_Jack">
      <aliases>
        <alias>Jack-DC</alias>
      </aliases>
      <description>DC Barrel Jack</description>
      <docs>~</docs>
      <footprints>
        <fp>BarrelJack*</fp>
      </footprints>
      <fields>
        <field name="Reference">J</field>
        <field name="Value">Barrel_Jack</field>
      </fields>
      <pins>
        <pin num="1" name="~" type="passive"/>
        <pin num="2" name="~" type="passive"/>
      </pins>
    </libpart>
    <libpart lib="Connector_Generic" part="Conn_01x02">
      <description>Generic connector, single row, 01x02, script generated (kicad-library-utils/schlib/autogen/connector/)</description>
      <docs>~</docs>
      <footprints>
        <fp>Connector*:*_1x??_*</fp>
      </footprints>
      <fields>
        <field name="Reference">J</field>
        <field name="Value">Conn_01x02</field>
      </fields>
      <pins>
        <pin num="1" name="Pin_1" type="passive"/>
        <pin num="2" name="Pin_2" type="passive"/>
      </pins>
    </libpart>
    <libpart lib="Connector_Generic" part="Conn_01x04">
      <description>Generic connector, single row, 01x04, script generated (kicad-library-utils/schlib/autogen/connector/)</description>
      <docs>~</docs>
      <footprints>
        <fp>Connector*:*_1x??_*</fp>
      </footprints>
      <fields>
        <field name="Reference">J</field>
        <field name="Value">Conn_01x04</field>
      </fields>
      <pins>
        <pin num="1" name="Pin_1" type="passive"/>
        <pin num="2" name="Pin_2" type="passive"/>
        <pin num="3" name="Pin_3" type="passive"/>
        <pin num="4" name="Pin_4" type="passive"/>
      </pins>
    </libpart>
    <libpart lib="Device" part="CP">
      <description>Polarized capacitor</description>
      <docs>~</docs>
      <footprints>
        <fp>CP_*</fp>
      </footprints>
      <fields>
        <field name="Reference">C</field>
        <field name="Value">CP</field>
      </fields>
      <pins>
        <pin num="1" name="~" type="passive"/>
        <pin num="2" name="~" type="passive"/>
      </pins>
    </libpart>
    <libpart lib="Device" part="C_Small">
      <description>Unpolarized capacitor, small symbol</description>
      <docs>~</docs>
      <footprints>
        <fp>C_*</fp>
      </footprints>
      <fields>
        <field name="Reference">C</field>
        <field name="Value">C_Small</field>
      </fields>
      <pins>
        <pin num="1" name="~" type="passive"/>
        <pin num="2" name="~" type="passive"/>
      </pins>
    </libpart>
    <libpart lib="Device" part="D_TVS">
      <description>Bidirectional transient-voltage-suppression diode</description>
      <docs>~</docs>
      <footprints>
        <fp>TO-???*</fp>
        <fp>*_Diode_*</fp>
        <fp>*SingleDiode*</fp>
        <fp>D_*</fp>
      </footprints>
      <fields>
        <field name="Reference">D</field>
        <field name="Value">D_TVS</field>
      </fields>
      <pins>
        <pin num="1" name="A1" type="passive"/>
        <pin num="2" name="A2" type="passive"/>
      </pins>
    </libpart>
    <libpart lib="Device" part="Fuse">
      <description>Fuse</description>
      <docs>~</docs>
      <footprints>
        <fp>*Fuse*</fp>
      </footprints>
      <fields>
        <field name="Reference">F</field>
        <field name="Value">Fuse</field>
      </fields>
      <pins>
        <pin num="1" name="~" type="passive"/>
        <pin num="2" name="~" type="passive"/>
      </pins>
    </libpart>
    <libpart lib="Device" part="R_Small">
      <description>Resistor, small symbol</description>
      <docs>~</docs>
      <footprints>
        <fp>R_*</fp>
      </footprints>
      <fields>
        <field name="Reference">R</field>
        <field name="Value">R_Small</field>
      </fields>
      <pins>
        <pin num="1" name="~" type="passive"/>
        <pin num="2" name="~" type="passive"/>
      </pins>
    </libpart>
    <libpart lib="Regulator_Switching" part="LM2596S-12">
      <aliases>
        <alias>LM2596S-5</alias>
        <alias>LM2596S-3.3</alias>
        <alias>LM2596S-ADJ</alias>
      </aliases>
      <description>12V 3A Step-Down Voltage Regulator, TO-263</description>
      <docs>http://www.ti.com/lit/ds/symlink/lm2596.pdf</docs>
      <footprints>
        <fp>TO?263*</fp>
      </footprints>
      <fields>
        <field name="Reference">U</field>
        <field name="Value">LM2596S-12</field>
        <field name="Footprint">Package_TO_SOT_SMD:TO-263-5_TabPin3</field>
      </fields>
      <pins>
        <pin num="1" name="VIN" type="power_in"/>
        <pin num="2" name="OUT" type="output"/>
        <pin num="3" name="GND" type="power_in"/>
        <pin num="4" name="FB" type="input"/>
        <pin num="5" name="~ON~/OFF" type="input"/>
      </pins>
    </libpart>
    <libpart lib="Switch" part="SW_DPDT_x2">
      <description>Switch, dual pole double throw, separate symbols</description>
      <docs>~</docs>
      <footprints>
        <fp>SW*DPDT*</fp>
      </footprints>
      <fields>
        <field name="Reference">SW</field>
        <field name="Value">SW_DPDT_x2</field>
      </fields>
      <pins>
        <pin num="1" name="A" type="passive"/>
        <pin num="2" name="B" type="passive"/>
        <pin num="3" name="C" type="passive"/>
        <pin num="4" name="A" type="passive"/>
        <pin num="5" name="B" type="passive"/>
        <pin num="6" name="C" type="passive"/>
      </pins>
    </libpart>
    <libpart lib="pspice" part="DIODE">
      <description>Diode symbol for simulation only. Pin order incompatible with official kicad footprints</description>
      <docs>~</docs>
      <fields>
        <field name="Reference">D</field>
        <field name="Value">DIODE</field>
      </fields>
      <pins>
        <pin num="1" name="K" type="input"/>
        <pin num="2" name="A" type="input"/>
      </pins>
    </libpart>
    <libpart lib="pspice" part="INDUCTOR">
      <description>Capacitor symbol for simulation only</description>
      <docs>~</docs>
      <fields>
        <field name="Reference">L</field>
        <field name="Value">INDUCTOR</field>
      </fields>
      <pins>
        <pin num="1" name="1" type="input"/>
        <pin num="2" name="2" type="input"/>
      </pins>
    </libpart>
  </libparts>
  <libraries>
    <library logical="Analog_ADC">
      <uri>C:\Program Files\KiCad\share\kicad\library/Analog_ADC.lib</uri>
    </library>
    <library logical="Connector">
      <uri>C:\Program Files\KiCad\share\kicad\library/Connector.lib</uri>
    </library>
    <library logical="Connector_Generic">
      <uri>C:\Program Files\KiCad\share\kicad\library/Connector_Generic.lib</uri>
    </library>
    <library logical="Device">
      <uri>C:\Program Files\KiCad\share\kicad\library/Device.lib</uri>
    </library>
    <library logical="Regulator_Switching">
      <uri>C:\Program Files\KiCad\share\kicad\library/Regulator_Switching.lib</uri>
    </library>
    <library logical="Switch">
      <uri>C:\Program Files\KiCad\share\kicad\library/Switch.lib</uri>
    </library>
    <library logical="pspice">
      <uri>C:\Program Files\KiCad\share\kicad\library/pspice.lib</uri>
    </library>
  </libraries>
  <nets>
    <net code="1" name="GND">
      <node ref="C12" pin="2"/>
      <node ref="C11" pin="2"/>
      <node ref="U2" pin="3"/>
      <node ref="R13" pin="1"/>
      <node ref="C5" pin="2"/>
      <node ref="R16" pin="1"/>
      <node ref="R14" pin="1"/>
      <node ref="J7" pin="2"/>
      <node ref="C6" pin="2"/>
      <node ref="J10" pin="4"/>
      <node ref="J3" pin="2"/>
      <node ref="R12" pin="1"/>
      <node ref="C4" pin="2"/>
      <node ref="J4" pin="2"/>
      <node ref="R11" pin="1"/>
      <node ref="R10" pin="1"/>
      <node ref="C2" pin="2"/>
      <node ref="J2" pin="2"/>
      <node ref="U1" pin="3"/>
      <node ref="R9" pin="1"/>
      <node ref="C1" pin="2"/>
      <node ref="J1" pin="2"/>
      <node ref="C3" pin="2"/>
      <node ref="R15" pin="1"/>
      <node ref="J5" pin="2"/>
      <node ref="C7" pin="2"/>
      <node ref="R30" pin="2"/>
      <node ref="J8" pin="2"/>
      <node ref="C8" pin="2"/>
      <node ref="R35" pin="2"/>
      <node ref="J6" pin="2"/>
    </net>
    <net code="2" name="Net-(J8-Pad1)">
      <node ref="J8" pin="1"/>
      <node ref="R8" pin="2"/>
    </net>
    <net code="3" name="Net-(R16-Pad2)">
      <node ref="R24" pin="2"/>
      <node ref="R8" pin="1"/>
      <node ref="R16" pin="2"/>
    </net>
    <net code="4" name="Net-(R38-Pad1)">
      <node ref="U2" pin="2"/>
      <node ref="R38" pin="1"/>
    </net>
    <net code="5" name="address1">
      <node ref="R35" pin="1"/>
      <node ref="R34" pin="1"/>
      <node ref="R32" pin="1"/>
      <node ref="R33" pin="1"/>
      <node ref="U2" pin="1"/>
    </net>
    <net code="6" name="Net-(R15-Pad2)">
      <node ref="R15" pin="2"/>
      <node ref="R23" pin="2"/>
      <node ref="R7" pin="1"/>
    </net>
    <net code="7" name="Net-(J7-Pad1)">
      <node ref="J7" pin="1"/>
      <node ref="R7" pin="2"/>
    </net>
    <net code="8" name="Net-(J6-Pad1)">
      <node ref="J6" pin="1"/>
      <node ref="R6" pin="2"/>
    </net>
    <net code="9" name="Net-(R14-Pad2)">
      <node ref="R14" pin="2"/>
      <node ref="R6" pin="1"/>
      <node ref="R22" pin="2"/>
    </net>
    <net code="10" name="Net-(D1-Pad2)">
      <node ref="D1" pin="2"/>
      <node ref="D2" pin="1"/>
      <node ref="F1" pin="2"/>
    </net>
    <net code="11" name="Net-(D2-Pad2)">
      <node ref="SW1" pin="2"/>
      <node ref="J9" pin="2"/>
      <node ref="D2" pin="2"/>
    </net>
    <net code="12" name="Net-(F1-Pad1)">
      <node ref="F1" pin="1"/>
      <node ref="SW1" pin="5"/>
    </net>
    <net code="13" name="Net-(D1-Pad1)">
      <node ref="J9" pin="1"/>
      <node ref="D1" pin="1"/>
    </net>
    <net code="14" name="Net-(C10-Pad2)">
      <node ref="C10" pin="2"/>
      <node ref="SW1" pin="1"/>
      <node ref="C9" pin="2"/>
      <node ref="U3" pin="3"/>
      <node ref="U3" pin="5"/>
      <node ref="D3" pin="1"/>
    </net>
    <net code="15" name="SCL">
      <node ref="U2" pin="10"/>
      <node ref="R28" pin="2"/>
      <node ref="R26" pin="1"/>
      <node ref="J10" pin="3"/>
      <node ref="R25" pin="1"/>
      <node ref="R33" pin="2"/>
      <node ref="U1" pin="10"/>
    </net>
    <net code="16" name="SDA">
      <node ref="U1" pin="9"/>
      <node ref="R29" pin="2"/>
      <node ref="U2" pin="9"/>
      <node ref="R31" pin="1"/>
      <node ref="J10" pin="2"/>
      <node ref="R36" pin="1"/>
      <node ref="R34" pin="2"/>
    </net>
    <net code="17" name="VCC">
      <node ref="U1" pin="8"/>
      <node ref="J10" pin="1"/>
      <node ref="C12" pin="1"/>
      <node ref="C11" pin="1"/>
      <node ref="L1" pin="2"/>
      <node ref="U3" pin="4"/>
      <node ref="U2" pin="8"/>
      <node ref="D3" pin="2"/>
      <node ref="R32" pin="2"/>
      <node ref="R37" pin="2"/>
      <node ref="R31" pin="2"/>
      <node ref="R25" pin="2"/>
      <node ref="R26" pin="2"/>
      <node ref="R36" pin="2"/>
      <node ref="R27" pin="2"/>
      <node ref="R38" pin="2"/>
      <node ref="C10" pin="1"/>
    </net>
    <net code="18" name="Net-(L1-Pad1)">
      <node ref="U3" pin="2"/>
      <node ref="L1" pin="1"/>
    </net>
    <net code="19" name="Net-(C9-Pad1)">
      <node ref="U3" pin="1"/>
      <node ref="C9" pin="1"/>
      <node ref="SW1" pin="4"/>
    </net>
    <net code="20" name="Net-(SW1-Pad3)">
      <node ref="SW1" pin="3"/>
    </net>
    <net code="21" name="Net-(SW1-Pad6)">
      <node ref="SW1" pin="6"/>
    </net>
    <net code="22" name="Net-(J3-Pad1)">
      <node ref="J3" pin="1"/>
      <node ref="R3" pin="2"/>
    </net>
    <net code="23" name="Net-(R11-Pad2)">
      <node ref="R3" pin="1"/>
      <node ref="R19" pin="2"/>
      <node ref="R11" pin="2"/>
    </net>
    <net code="24" name="Net-(J4-Pad1)">
      <node ref="J4" pin="1"/>
      <node ref="R4" pin="2"/>
    </net>
    <net code="25" name="Net-(R12-Pad2)">
      <node ref="R4" pin="1"/>
      <node ref="R12" pin="2"/>
      <node ref="R20" pin="2"/>
    </net>
    <net code="26" name="Net-(J1-Pad1)">
      <node ref="R1" pin="2"/>
      <node ref="J1" pin="1"/>
    </net>
    <net code="27" name="Net-(R1-Pad1)">
      <node ref="R9" pin="2"/>
      <node ref="R1" pin="1"/>
      <node ref="R17" pin="2"/>
    </net>
    <net code="28" name="Net-(J2-Pad1)">
      <node ref="J2" pin="1"/>
      <node ref="R2" pin="2"/>
    </net>
    <net code="29" name="Net-(R10-Pad2)">
      <node ref="R2" pin="1"/>
      <node ref="R18" pin="2"/>
      <node ref="R10" pin="2"/>
    </net>
    <net code="30" name="A0">
      <node ref="C1" pin="1"/>
      <node ref="U1" pin="4"/>
      <node ref="U2" pin="4"/>
      <node ref="C5" pin="1"/>
      <node ref="R21" pin="1"/>
      <node ref="R17" pin="1"/>
    </net>
    <net code="31" name="Net-(R13-Pad2)">
      <node ref="R5" pin="1"/>
      <node ref="R21" pin="2"/>
      <node ref="R13" pin="2"/>
    </net>
    <net code="32" name="Net-(J5-Pad1)">
      <node ref="R5" pin="2"/>
      <node ref="J5" pin="1"/>
    </net>
    <net code="33" name="A3">
      <node ref="U1" pin="7"/>
      <node ref="C4" pin="1"/>
      <node ref="U2" pin="7"/>
      <node ref="R20" pin="1"/>
      <node ref="R24" pin="1"/>
      <node ref="C8" pin="1"/>
    </net>
    <net code="34" name="A2">
      <node ref="R23" pin="1"/>
      <node ref="U2" pin="6"/>
      <node ref="C3" pin="1"/>
      <node ref="C7" pin="1"/>
      <node ref="U1" pin="6"/>
      <node ref="R19" pin="1"/>
    </net>
    <net code="35" name="A1">
      <node ref="R18" pin="1"/>
      <node ref="R22" pin="1"/>
      <node ref="C6" pin="1"/>
      <node ref="U1" pin="5"/>
      <node ref="U2" pin="5"/>
      <node ref="C2" pin="1"/>
    </net>
    <net code="36" name="Net-(R37-Pad1)">
      <node ref="U1" pin="2"/>
      <node ref="R37" pin="1"/>
    </net>
    <net code="37" name="address">
      <node ref="R29" pin="1"/>
      <node ref="R27" pin="1"/>
      <node ref="R28" pin="1"/>
      <node ref="R30" pin="1"/>
      <node ref="U1" pin="1"/>
    </net>
  </nets>
</export>
